type;gateway_eui;node_eui;snr;rssi;cr;datarate;time;data,,
"16;0000B827EB24A52C;10;6;-56;5;SF12BW500;2025-06-07 12:39:40;{""RSSI"": -56"," ""SNR"": 6"," ""TC"": ""27.79........................................""};"
"16;0000B827EB24A52C;10;6;-56;5;SF12BW500;2025-06-07 12:39:48;{""RSSI"": -56"," ""SNR"": 6"," ""TC"": ""27.83........................................""};"
"16;0000B827EB24A52C;10;7;-55;5;SF12BW500;2025-06-07 12:39:56;{""RSSI"": -55"," ""SNR"": 7"," ""TC"": ""27.81........................................""};"
"16;0000B827EB24A52C;10;7;-54;5;SF12BW500;2025-06-07 12:40:04;{""RSSI"": -54"," ""SNR"": 7"," ""TC"": ""27.85........................................""};"
"16;0000B827EB24A52C;10;5;-52;5;SF12BW500;2025-06-07 12:40:12;{""RSSI"": -52"," ""SNR"": 5"," ""TC"": ""27.90........................................""};"
"16;0000B827EB24A52C;10;7;-54;5;SF12BW500;2025-06-07 12:40:20;{""RSSI"": -54"," ""SNR"": 7"," ""TC"": ""27.88........................................""};"
"16;0000B827EB24A52C;10;6;-56;5;SF12BW500;2025-06-07 12:40:28;{""RSSI"": -56"," ""SNR"": 6"," ""TC"": ""27.88........................................""};"
"16;0000B827EB24A52C;10;6;-56;5;SF12BW500;2025-06-07 12:40:36;{""RSSI"": -56"," ""SNR"": 6"," ""TC"": ""27.85........................................""};"
"16;0000B827EB24A52C;10;6;-56;5;SF12BW500;2025-06-07 12:40:44;{""RSSI"": -56"," ""SNR"": 6"," ""TC"": ""27.85........................................""};"
"16;0000B827EB24A52C;10;6;-56;5;SF12BW500;2025-06-07 12:40:52;{""RSSI"": -56"," ""SNR"": 6"," ""TC"": ""27.88........................................""};"
"16;0000B827EB24A52C;10;6;-56;5;SF12BW500;2025-06-07 12:41:00;{""RSSI"": -56"," ""SNR"": 6"," ""TC"": ""27.85........................................""};"
"16;0000B827EB24A52C;10;6;-56;5;SF12BW500;2025-06-07 12:41:07;{""RSSI"": -56"," ""SNR"": 6"," ""TC"": ""27.81........................................""};"
"16;0000B827EB24A52C;10;6;-56;5;SF12BW500;2025-06-07 12:41:15;{""RSSI"": -56"," ""SNR"": 6"," ""TC"": ""27.79........................................""};"
"16;0000B827EB24A52C;10;6;-56;5;SF12BW500;2025-06-07 12:41:23;{""RSSI"": -56"," ""SNR"": 6"," ""TC"": ""27.81........................................""};"
"16;0000B827EB24A52C;10;6;-56;5;SF12BW500;2025-06-07 12:41:31;{""RSSI"": -56"," ""SNR"": 6"," ""TC"": ""27.81........................................""};"
"16;0000B827EB24A52C;10;6;-56;5;SF12BW500;2025-06-07 12:41:39;{""RSSI"": -56"," ""SNR"": 6"," ""TC"": ""27.81........................................""};"
"16;0000B827EB24A52C;10;6;-58;5;SF12BW500;2025-06-07 12:41:47;{""RSSI"": -58"," ""SNR"": 6"," ""TC"": ""27.79........................................""};"
"16;0000B827EB24A52C;10;6;-56;5;SF12BW500;2025-06-07 12:41:55;{""RSSI"": -56"," ""SNR"": 6"," ""TC"": ""27.79........................................""};"
"16;0000B827EB24A52C;10;6;-57;5;SF12BW500;2025-06-07 12:42:03;{""RSSI"": -57"," ""SNR"": 6"," ""TC"": ""27.79........................................""};"
"16;0000B827EB24A52C;10;6;-57;5;SF12BW500;2025-06-07 12:42:11;{""RSSI"": -57"," ""SNR"": 6"," ""TC"": ""27.83........................................""};"
"16;0000B827EB24A52C;10;6;-58;5;SF12BW500;2025-06-07 12:42:19;{""RSSI"": -58"," ""SNR"": 6"," ""TC"": ""27.85........................................""};"
"16;0000B827EB24A52C;10;6;-57;5;SF12BW500;2025-06-07 12:42:27;{""RSSI"": -57"," ""SNR"": 6"," ""TC"": ""27.85........................................""};"
"16;0000B827EB24A52C;10;6;-55;5;SF12BW500;2025-06-07 12:42:35;{""RSSI"": -55"," ""SNR"": 6"," ""TC"": ""27.88........................................""};"
"16;0000B827EB24A52C;10;6;-55;5;SF12BW500;2025-06-07 12:42:43;{""RSSI"": -55"," ""SNR"": 6"," ""TC"": ""27.85........................................""};"
"16;0000B827EB24A52C;10;8;-54;5;SF12BW500;2025-06-07 12:42:50;{""RSSI"": -54"," ""SNR"": 8"," ""TC"": ""27.83........................................""};"
"16;0000B827EB24A52C;10;6;-55;5;SF12BW500;2025-06-07 12:42:58;{""RSSI"": -55"," ""SNR"": 6"," ""TC"": ""27.83........................................""};"
"16;0000B827EB24A52C;10;8;-55;5;SF12BW500;2025-06-07 12:43:06;{""RSSI"": -55"," ""SNR"": 8"," ""TC"": ""27.83........................................""};"
"16;0000B827EB24A52C;10;8;-54;5;SF12BW500;2025-06-07 12:43:14;{""RSSI"": -54"," ""SNR"": 8"," ""TC"": ""27.83........................................""};"
"16;0000B827EB24A52C;10;7;-54;5;SF12BW500;2025-06-07 12:43:22;{""RSSI"": -54"," ""SNR"": 7"," ""TC"": ""27.81........................................""};"
"16;0000B827EB24A52C;10;7;-59;5;SF12BW500;2025-06-07 12:43:30;{""RSSI"": -59"," ""SNR"": 7"," ""TC"": ""27.81........................................""};"
"16;0000B827EB24A52C;10;5;-57;5;SF12BW500;2025-06-07 12:43:38;{""RSSI"": -57"," ""SNR"": 5"," ""TC"": ""27.81........................................""};"
"16;0000B827EB24A52C;10;6;-56;5;SF12BW500;2025-06-07 12:43:46;{""RSSI"": -56"," ""SNR"": 6"," ""TC"": ""27.79........................................""};"
"16;0000B827EB24A52C;10;6;-56;5;SF12BW500;2025-06-07 12:43:54;{""RSSI"": -56"," ""SNR"": 6"," ""TC"": ""27.79........................................""};"
"16;0000B827EB24A52C;10;7;-56;5;SF12BW500;2025-06-07 12:44:02;{""RSSI"": -56"," ""SNR"": 7"," ""TC"": ""27.79........................................""};"
"16;0000B827EB24A52C;10;6;-58;5;SF12BW500;2025-06-07 12:44:10;{""RSSI"": -58"," ""SNR"": 6"," ""TC"": ""27.77........................................""};"
"16;0000B827EB24A52C;10;6;-56;5;SF12BW500;2025-06-07 12:44:18;{""RSSI"": -56"," ""SNR"": 6"," ""TC"": ""27.79........................................""};"
"16;0000B827EB24A52C;10;7;-55;5;SF12BW500;2025-06-07 12:44:26;{""RSSI"": -55"," ""SNR"": 7"," ""TC"": ""27.81........................................""};"
"16;0000B827EB24A52C;10;8;-54;5;SF12BW500;2025-06-07 12:44:34;{""RSSI"": -54"," ""SNR"": 8"," ""TC"": ""27.81........................................""};"
"16;0000B827EB24A52C;10;8;-54;5;SF12BW500;2025-06-07 12:44:41;{""RSSI"": -54"," ""SNR"": 8"," ""TC"": ""27.81........................................""};"
"16;0000B827EB24A52C;10;7;-55;5;SF12BW500;2025-06-07 12:44:49;{""RSSI"": -55"," ""SNR"": 7"," ""TC"": ""27.83........................................""};"
"16;0000B827EB24A52C;10;6;-56;5;SF12BW500;2025-06-07 12:44:57;{""RSSI"": -56"," ""SNR"": 6"," ""TC"": ""27.85........................................""};"
"16;0000B827EB24A52C;10;7;-56;5;SF12BW500;2025-06-07 12:45:05;{""RSSI"": -56"," ""SNR"": 7"," ""TC"": ""27.85........................................""};"
"16;0000B827EB24A52C;10;6;-55;5;SF12BW500;2025-06-07 12:45:13;{""RSSI"": -55"," ""SNR"": 6"," ""TC"": ""27.85........................................""};"
"16;0000B827EB24A52C;10;6;-56;5;SF12BW500;2025-06-07 12:45:21;{""RSSI"": -56"," ""SNR"": 6"," ""TC"": ""27.81........................................""};"
"16;0000B827EB24A52C;10;6;-56;5;SF12BW500;2025-06-07 12:45:29;{""RSSI"": -56"," ""SNR"": 6"," ""TC"": ""27.83........................................""};"
"16;0000B827EB24A52C;10;7;-54;5;SF12BW500;2025-06-07 12:45:37;{""RSSI"": -54"," ""SNR"": 7"," ""TC"": ""27.83........................................""};"
"16;0000B827EB24A52C;10;8;-54;5;SF12BW500;2025-06-07 12:45:45;{""RSSI"": -54"," ""SNR"": 8"," ""TC"": ""27.81........................................""};"
"16;0000B827EB24A52C;10;8;-54;5;SF12BW500;2025-06-07 12:45:53;{""RSSI"": -54"," ""SNR"": 8"," ""TC"": ""27.81........................................""};"
"16;0000B827EB24A52C;10;6;-56;5;SF12BW500;2025-06-07 12:46:01;{""RSSI"": -56"," ""SNR"": 6"," ""TC"": ""27.83........................................""};"
"16;0000B827EB24A52C;10;6;-56;5;SF12BW500;2025-06-07 12:46:09;{""RSSI"": -56"," ""SNR"": 6"," ""TC"": ""27.83........................................""};"
"16;0000B827EB24A52C;10;6;-56;5;SF12BW500;2025-06-07 12:46:17;{""RSSI"": -56"," ""SNR"": 6"," ""TC"": ""27.83........................................""};"
"16;0000B827EB24A52C;10;6;-57;5;SF12BW500;2025-06-07 12:46:25;{""RSSI"": -57"," ""SNR"": 6"," ""TC"": ""27.85........................................""};"
"16;0000B827EB24A52C;10;7;-55;5;SF12BW500;2025-06-07 12:46:32;{""RSSI"": -55"," ""SNR"": 7"," ""TC"": ""27.81........................................""};"
"16;0000B827EB24A52C;10;6;-55;5;SF12BW500;2025-06-07 12:46:40;{""RSSI"": -55"," ""SNR"": 6"," ""TC"": ""27.79........................................""};"
"16;0000B827EB24A52C;10;6;-55;5;SF12BW500;2025-06-07 12:46:48;{""RSSI"": -55"," ""SNR"": 6"," ""TC"": ""27.79........................................""};"
"16;0000B827EB24A52C;10;6;-54;5;SF12BW500;2025-06-07 12:46:56;{""RSSI"": -54"," ""SNR"": 6"," ""TC"": ""27.79........................................""};"
"16;0000B827EB24A52C;10;6;-55;5;SF12BW500;2025-06-07 12:47:04;{""RSSI"": -55"," ""SNR"": 6"," ""TC"": ""27.81........................................""};"
"16;0000B827EB24A52C;10;7;-54;5;SF12BW500;2025-06-07 12:47:12;{""RSSI"": -54"," ""SNR"": 7"," ""TC"": ""27.81........................................""};"
"16;0000B827EB24A52C;10;7;-56;5;SF12BW500;2025-06-07 12:47:20;{""RSSI"": -56"," ""SNR"": 7"," ""TC"": ""27.81........................................""};"
"16;0000B827EB24A52C;10;7;-54;5;SF12BW500;2025-06-07 12:47:28;{""RSSI"": -54"," ""SNR"": 7"," ""TC"": ""27.83........................................""};"
"16;0000B827EB24A52C;10;6;-57;5;SF12BW500;2025-06-07 12:47:36;{""RSSI"": -57"," ""SNR"": 6"," ""TC"": ""27.83........................................""};"
"16;0000B827EB24A52C;10;6;-56;5;SF12BW500;2025-06-07 12:47:44;{""RSSI"": -56"," ""SNR"": 6"," ""TC"": ""27.81........................................""};"
"16;0000B827EB24A52C;10;6;-57;5;SF12BW500;2025-06-07 12:47:52;{""RSSI"": -57"," ""SNR"": 6"," ""TC"": ""27.81........................................""};"
"16;0000B827EB24A52C;10;6;-57;5;SF12BW500;2025-06-07 12:48:00;{""RSSI"": -57"," ""SNR"": 6"," ""TC"": ""27.77........................................""};"
"16;0000B827EB24A52C;10;8;-58;5;SF12BW500;2025-06-07 12:48:08;{""RSSI"": -58"," ""SNR"": 8"," ""TC"": ""27.77........................................""};"
"16;0000B827EB24A52C;10;7;-55;5;SF12BW500;2025-06-07 12:48:16;{""RSSI"": -55"," ""SNR"": 7"," ""TC"": ""27.77........................................""};"
"16;0000B827EB24A52C;10;7;-59;5;SF12BW500;2025-06-07 12:48:23;{""RSSI"": -59"," ""SNR"": 7"," ""TC"": ""27.77........................................""};"
"16;0000B827EB24A52C;10;8;-59;5;SF12BW500;2025-06-07 12:48:31;{""RSSI"": -59"," ""SNR"": 8"," ""TC"": ""27.77........................................""};"
"16;0000B827EB24A52C;10;8;-61;5;SF12BW500;2025-06-07 12:48:39;{""RSSI"": -61"," ""SNR"": 8"," ""TC"": ""27.75........................................""};"
"16;0000B827EB24A52C;10;8;-59;5;SF12BW500;2025-06-07 12:48:47;{""RSSI"": -59"," ""SNR"": 8"," ""TC"": ""27.79........................................""};"
"16;0000B827EB24A52C;10;8;-59;5;SF12BW500;2025-06-07 12:48:55;{""RSSI"": -59"," ""SNR"": 8"," ""TC"": ""27.81........................................""};"
"16;0000B827EB24A52C;10;6;-58;5;SF12BW500;2025-06-07 12:49:03;{""RSSI"": -58"," ""SNR"": 6"," ""TC"": ""27.81........................................""};"
"16;0000B827EB24A52C;10;6;-58;5;SF12BW500;2025-06-07 12:49:11;{""RSSI"": -58"," ""SNR"": 6"," ""TC"": ""27.81........................................""};"
"16;0000B827EB24A52C;10;8;-59;5;SF12BW500;2025-06-07 12:49:19;{""RSSI"": -59"," ""SNR"": 8"," ""TC"": ""27.83........................................""};"
"16;0000B827EB24A52C;10;8;-59;5;SF12BW500;2025-06-07 12:49:27;{""RSSI"": -59"," ""SNR"": 8"," ""TC"": ""27.77........................................""};"
"16;0000B827EB24A52C;10;8;-58;5;SF12BW500;2025-06-07 12:49:35;{""RSSI"": -58"," ""SNR"": 8"," ""TC"": ""27.79........................................""};"
"16;0000B827EB24A52C;10;8;-59;5;SF12BW500;2025-06-07 12:49:43;{""RSSI"": -59"," ""SNR"": 8"," ""TC"": ""27.77........................................""};"
"16;0000B827EB24A52C;10;7;-59;5;SF12BW500;2025-06-07 12:49:51;{""RSSI"": -59"," ""SNR"": 7"," ""TC"": ""27.75........................................""};"
"16;0000B827EB24A52C;10;5;-59;5;SF12BW500;2025-06-07 12:49:59;{""RSSI"": -59"," ""SNR"": 5"," ""TC"": ""27.75........................................""};"
"16;0000B827EB24A52C;10;5;-58;5;SF12BW500;2025-06-07 12:50:07;{""RSSI"": -58"," ""SNR"": 5"," ""TC"": ""27.75........................................""};"
"16;0000B827EB24A52C;10;6;-57;5;SF12BW500;2025-06-07 12:50:14;{""RSSI"": -57"," ""SNR"": 6"," ""TC"": ""27.73........................................""};"
"16;0000B827EB24A52C;10;6;-55;5;SF12BW500;2025-06-07 12:50:22;{""RSSI"": -55"," ""SNR"": 6"," ""TC"": ""27.75........................................""};"
"16;0000B827EB24A52C;10;6;-56;5;SF12BW500;2025-06-07 12:50:30;{""RSSI"": -56"," ""SNR"": 6"," ""TC"": ""27.75........................................""};"
"16;0000B827EB24A52C;10;6;-56;5;SF12BW500;2025-06-07 12:50:38;{""RSSI"": -56"," ""SNR"": 6"," ""TC"": ""27.75........................................""};"
"16;0000B827EB24A52C;10;6;-57;5;SF12BW500;2025-06-07 12:50:46;{""RSSI"": -57"," ""SNR"": 6"," ""TC"": ""27.77........................................""};"
"16;0000B827EB24A52C;10;7;-59;5;SF12BW500;2025-06-07 12:50:54;{""RSSI"": -59"," ""SNR"": 7"," ""TC"": ""27.75........................................""};"
"16;0000B827EB24A52C;10;8;-58;5;SF12BW500;2025-06-07 12:51:02;{""RSSI"": -58"," ""SNR"": 8"," ""TC"": ""27.79........................................""};"
"16;0000B827EB24A52C;10;5;-58;5;SF12BW500;2025-06-07 12:51:10;{""RSSI"": -58"," ""SNR"": 5"," ""TC"": ""27.81........................................""};"
"16;0000B827EB24A52C;10;6;-56;5;SF12BW500;2025-06-07 12:51:18;{""RSSI"": -56"," ""SNR"": 6"," ""TC"": ""27.79........................................""};"
"16;0000B827EB24A52C;10;6;-56;5;SF12BW500;2025-06-07 12:51:26;{""RSSI"": -56"," ""SNR"": 6"," ""TC"": ""27.81........................................""};"
"16;0000B827EB24A52C;10;8;-59;5;SF12BW500;2025-06-07 12:51:34;{""RSSI"": -59"," ""SNR"": 8"," ""TC"": ""27.79........................................""};"
"16;0000B827EB24A52C;10;8;-62;5;SF12BW500;2025-06-07 12:51:42;{""RSSI"": -62"," ""SNR"": 8"," ""TC"": ""27.77........................................""};"
"16;0000B827EB24A52C;10;8;-59;5;SF12BW500;2025-06-07 12:51:50;{""RSSI"": -59"," ""SNR"": 8"," ""TC"": ""27.75........................................""};"
"16;0000B827EB24A52C;10;8;-53;5;SF12BW500;2025-06-07 12:51:58;{""RSSI"": -53"," ""SNR"": 8"," ""TC"": ""27.77........................................""};"
"16;0000B827EB24A52C;10;7;-54;5;SF12BW500;2025-06-07 12:52:05;{""RSSI"": -54"," ""SNR"": 7"," ""TC"": ""27.77........................................""};"
"16;0000B827EB24A52C;10;8;-54;5;SF12BW500;2025-06-07 12:52:13;{""RSSI"": -54"," ""SNR"": 8"," ""TC"": ""27.79........................................""};"
"16;0000B827EB24A52C;10;7;-54;5;SF12BW500;2025-06-07 12:52:21;{""RSSI"": -54"," ""SNR"": 7"," ""TC"": ""27.81........................................""};"
"16;0000B827EB24A52C;10;6;-56;5;SF12BW500;2025-06-07 12:52:29;{""RSSI"": -56"," ""SNR"": 6"," ""TC"": ""27.85........................................""};"
"16;0000B827EB24A52C;10;6;-56;5;SF12BW500;2025-06-07 12:52:37;{""RSSI"": -56"," ""SNR"": 6"," ""TC"": ""27.85........................................""};"
"16;0000B827EB24A52C;10;6;-57;5;SF12BW500;2025-06-07 12:52:45;{""RSSI"": -57"," ""SNR"": 6"," ""TC"": ""27.85........................................""};"
"16;0000B827EB24A52C;10;8;-54;5;SF12BW500;2025-06-07 12:52:53;{""RSSI"": -54"," ""SNR"": 8"," ""TC"": ""27.85........................................""};"
"16;0000B827EB24A52C;10;8;-54;5;SF12BW500;2025-06-07 12:53:01;{""RSSI"": -54"," ""SNR"": 8"," ""TC"": ""27.88........................................""};"
"16;0000B827EB24A52C;10;8;-54;5;SF12BW500;2025-06-07 12:53:09;{""RSSI"": -54"," ""SNR"": 8"," ""TC"": ""27.88........................................""};"
"16;0000B827EB24A52C;10;8;-53;5;SF12BW500;2025-06-07 12:53:17;{""RSSI"": -53"," ""SNR"": 8"," ""TC"": ""27.85........................................""};"
"16;0000B827EB24A52C;10;8;-54;5;SF12BW500;2025-06-07 12:53:25;{""RSSI"": -54"," ""SNR"": 8"," ""TC"": ""27.83........................................""};"
"16;0000B827EB24A52C;10;8;-54;5;SF12BW500;2025-06-07 12:53:33;{""RSSI"": -54"," ""SNR"": 8"," ""TC"": ""27.85........................................""};"
"16;0000B827EB24A52C;10;8;-55;5;SF12BW500;2025-06-07 12:53:41;{""RSSI"": -55"," ""SNR"": 8"," ""TC"": ""27.88........................................""};"
"16;0000B827EB24A52C;10;7;-55;5;SF12BW500;2025-06-07 12:53:49;{""RSSI"": -55"," ""SNR"": 7"," ""TC"": ""27.92........................................""};"
"16;0000B827EB24A52C;10;7;-55;5;SF12BW500;2025-06-07 12:53:56;{""RSSI"": -55"," ""SNR"": 7"," ""TC"": ""27.88........................................""};"
"16;0000B827EB24A52C;10;7;-54;5;SF12BW500;2025-06-07 12:54:04;{""RSSI"": -54"," ""SNR"": 7"," ""TC"": ""27.88........................................""};"
"16;0000B827EB24A52C;10;7;-54;5;SF12BW500;2025-06-07 12:54:12;{""RSSI"": -54"," ""SNR"": 7"," ""TC"": ""27.92........................................""};"
"16;0000B827EB24A52C;10;7;-54;5;SF12BW500;2025-06-07 12:54:20;{""RSSI"": -54"," ""SNR"": 7"," ""TC"": ""27.92........................................""};"
"16;0000B827EB24A52C;10;7;-55;5;SF12BW500;2025-06-07 12:54:28;{""RSSI"": -55"," ""SNR"": 7"," ""TC"": ""27.90........................................""};"
"16;0000B827EB24A52C;10;6;-56;5;SF12BW500;2025-06-07 12:54:36;{""RSSI"": -56"," ""SNR"": 6"," ""TC"": ""27.88........................................""};"
"16;0000B827EB24A52C;10;6;-56;5;SF12BW500;2025-06-07 12:54:44;{""RSSI"": -56"," ""SNR"": 6"," ""TC"": ""27.85........................................""};"
"16;0000B827EB24A52C;10;7;-53;5;SF12BW500;2025-06-07 12:54:52;{""RSSI"": -53"," ""SNR"": 7"," ""TC"": ""27.83........................................""};"
"16;0000B827EB24A52C;10;6;-52;5;SF12BW500;2025-06-07 12:55:00;{""RSSI"": -52"," ""SNR"": 6"," ""TC"": ""27.83........................................""};"
"16;0000B827EB24A52C;10;7;-53;5;SF12BW500;2025-06-07 12:55:08;{""RSSI"": -53"," ""SNR"": 7"," ""TC"": ""27.83........................................""};"
"16;0000B827EB24A52C;10;5;-58;5;SF12BW500;2025-06-07 12:55:16;{""RSSI"": -58"," ""SNR"": 5"," ""TC"": ""27.81........................................""};"
"16;0000B827EB24A52C;10;8;-59;5;SF12BW500;2025-06-07 12:55:24;{""RSSI"": -59"," ""SNR"": 8"," ""TC"": ""27.79........................................""};"
"16;0000B827EB24A52C;10;6;-58;5;SF12BW500;2025-06-07 12:55:32;{""RSSI"": -58"," ""SNR"": 6"," ""TC"": ""27.81........................................""};"
"16;0000B827EB24A52C;10;6;-56;5;SF12BW500;2025-06-07 12:55:40;{""RSSI"": -56"," ""SNR"": 6"," ""TC"": ""27.79........................................""};"
"16;0000B827EB24A52C;10;8;-54;5;SF12BW500;2025-06-07 12:55:47;{""RSSI"": -54"," ""SNR"": 8"," ""TC"": ""27.77........................................""};"
"16;0000B827EB24A52C;10;8;-53;5;SF12BW500;2025-06-07 12:55:55;{""RSSI"": -53"," ""SNR"": 8"," ""TC"": ""27.77........................................""};"
"16;0000B827EB24A52C;10;6;-53;5;SF12BW500;2025-06-07 12:56:03;{""RSSI"": -53"," ""SNR"": 6"," ""TC"": ""27.81........................................""};"
"16;0000B827EB24A52C;10;6;-52;5;SF12BW500;2025-06-07 12:56:11;{""RSSI"": -52"," ""SNR"": 6"," ""TC"": ""27.81........................................""};"
"16;0000B827EB24A52C;10;6;-53;5;SF12BW500;2025-06-07 12:56:19;{""RSSI"": -53"," ""SNR"": 6"," ""TC"": ""27.83........................................""};"
"16;0000B827EB24A52C;10;5;-53;5;SF12BW500;2025-06-07 12:56:27;{""RSSI"": -53"," ""SNR"": 5"," ""TC"": ""27.83........................................""};"
"16;0000B827EB24A52C;10;5;-52;5;SF12BW500;2025-06-07 12:56:35;{""RSSI"": -52"," ""SNR"": 5"," ""TC"": ""27.81........................................""};"
"16;0000B827EB24A52C;10;5;-52;5;SF12BW500;2025-06-07 12:56:43;{""RSSI"": -52"," ""SNR"": 5"," ""TC"": ""27.83........................................""};"
"16;0000B827EB24A52C;10;5;-54;5;SF12BW500;2025-06-07 12:56:51;{""RSSI"": -54"," ""SNR"": 5"," ""TC"": ""27.79........................................""};"
"16;0000B827EB24A52C;10;6;-52;5;SF12BW500;2025-06-07 12:56:59;{""RSSI"": -52"," ""SNR"": 6"," ""TC"": ""27.79........................................""};"
"16;0000B827EB24A52C;10;5;-52;5;SF12BW500;2025-06-07 12:57:07;{""RSSI"": -52"," ""SNR"": 5"," ""TC"": ""27.77........................................""};"
"16;0000B827EB24A52C;10;5;-52;5;SF12BW500;2025-06-07 12:57:15;{""RSSI"": -52"," ""SNR"": 5"," ""TC"": ""27.79........................................""};"
"16;0000B827EB24A52C;10;6;-54;5;SF12BW500;2025-06-07 12:57:23;{""RSSI"": -54"," ""SNR"": 6"," ""TC"": ""27.81........................................""};"
"16;0000B827EB24A52C;10;6;-52;5;SF12BW500;2025-06-07 12:57:31;{""RSSI"": -52"," ""SNR"": 6"," ""TC"": ""27.83........................................""};"
"16;0000B827EB24A52C;10;5;-52;5;SF12BW500;2025-06-07 12:57:38;{""RSSI"": -52"," ""SNR"": 5"," ""TC"": ""27.81........................................""};"
"16;0000B827EB24A52C;10;5;-52;5;SF12BW500;2025-06-07 12:57:46;{""RSSI"": -52"," ""SNR"": 5"," ""TC"": ""27.79........................................""};"
"16;0000B827EB24A52C;10;7;-51;5;SF12BW500;2025-06-07 12:57:54;{""RSSI"": -51"," ""SNR"": 7"," ""TC"": ""27.81........................................""};"
"16;0000B827EB24A52C;10;5;-52;5;SF12BW500;2025-06-07 12:58:02;{""RSSI"": -52"," ""SNR"": 5"," ""TC"": ""27.79........................................""};"
"16;0000B827EB24A52C;10;5;-52;5;SF12BW500;2025-06-07 12:58:10;{""RSSI"": -52"," ""SNR"": 5"," ""TC"": ""27.79........................................""};"
"16;0000B827EB24A52C;10;5;-53;5;SF12BW500;2025-06-07 12:58:18;{""RSSI"": -53"," ""SNR"": 5"," ""TC"": ""27.79........................................""};"
"16;0000B827EB24A52C;10;7;-52;5;SF12BW500;2025-06-07 12:58:26;{""RSSI"": -52"," ""SNR"": 7"," ""TC"": ""27.79........................................""};"
"16;0000B827EB24A52C;10;8;-54;5;SF12BW500;2025-06-07 12:58:34;{""RSSI"": -54"," ""SNR"": 8"," ""TC"": ""27.79........................................""};"
"16;0000B827EB24A52C;10;8;-54;5;SF12BW500;2025-06-07 12:58:42;{""RSSI"": -54"," ""SNR"": 8"," ""TC"": ""27.79........................................""};"
"16;0000B827EB24A52C;10;8;-54;5;SF12BW500;2025-06-07 12:58:50;{""RSSI"": -54"," ""SNR"": 8"," ""TC"": ""27.81........................................""};"
"16;0000B827EB24A52C;10;6;-53;5;SF12BW500;2025-06-07 12:58:58;{""RSSI"": -53"," ""SNR"": 6"," ""TC"": ""27.83........................................""};"
"16;0000B827EB24A52C;10;8;-54;5;SF12BW500;2025-06-07 12:59:06;{""RSSI"": -54"," ""SNR"": 8"," ""TC"": ""27.81........................................""};"
"16;0000B827EB24A52C;10;7;-55;5;SF12BW500;2025-06-07 12:59:14;{""RSSI"": -55"," ""SNR"": 7"," ""TC"": ""27.81........................................""};"
"16;0000B827EB24A52C;10;6;-53;5;SF12BW500;2025-06-07 12:59:22;{""RSSI"": -53"," ""SNR"": 6"," ""TC"": ""27.81........................................""};"
"16;0000B827EB24A52C;10;7;-53;5;SF12BW500;2025-06-07 12:59:29;{""RSSI"": -53"," ""SNR"": 7"," ""TC"": ""27.81........................................""};"
"16;0000B827EB24A52C;10;5;-53;5;SF12BW500;2025-06-07 12:59:37;{""RSSI"": -53"," ""SNR"": 5"," ""TC"": ""27.81........................................""};"
"16;0000B827EB24A52C;10;8;-54;5;SF12BW500;2025-06-07 12:59:45;{""RSSI"": -54"," ""SNR"": 8"," ""TC"": ""27.79........................................""};"
"16;0000B827EB24A52C;10;5;-52;5;SF12BW500;2025-06-07 12:59:53;{""RSSI"": -52"," ""SNR"": 5"," ""TC"": ""27.81........................................""};"
"16;0000B827EB24A52C;10;5;-54;5;SF12BW500;2025-06-07 13:00:01;{""RSSI"": -54"," ""SNR"": 5"," ""TC"": ""27.83........................................""};"
"16;0000B827EB24A52C;10;8;-54;5;SF12BW500;2025-06-07 13:00:09;{""RSSI"": -54"," ""SNR"": 8"," ""TC"": ""27.83........................................""};"
"16;0000B827EB24A52C;10;8;-54;5;SF12BW500;2025-06-07 13:00:17;{""RSSI"": -54"," ""SNR"": 8"," ""TC"": ""27.83........................................""};"
